id,titulo,ciclo,data_envio,status,area,tempo_de_cubos,colaborador_profile_id,engajamento_pergunta_1,engajamento_pergunta_2,engajamento_pergunta_3,engajamento_pergunta_4,cultura_pergunta_5,cultura_pergunta_6,cultura_pergunta_7,cultura_pergunta_8,comunicacao_pergunta_1,comunicacao_pergunta_2,comunicacao_pergunta_3,comunicacao_pergunta_4,desenvolvimento_pergunta_1,desenvolvimento_pergunta_2,desenvolvimento_pergunta_3,desenvolvimento_pergunta_4,desenvolvimento_pergunta_5,desenvolvimento_pergunta_6,desenvolvimento_pergunta_7,bem_estar_pergunta_1,bem_estar_pergunta_2,bem_estar_pergunta_3,bem_estar_pergunta_4,bem_estar_pergunta_5,bem_estar_pergunta_6,lideranca_pergunta_1,lideranca_pergunta_2,lideranca_pergunta_3,lideranca_pergunta_4,lideranca_pergunta_5,lideranca_pergunta_6,lideranca_pergunta_7,lideranca_pergunta_8,lideranca_pergunta_9,lideranca_pergunta_10,colaboracao_pergunta_1,colaboracao_pergunta_2,colaboracao_pergunta_3,colaboracao_pergunta_4,colaboracao_pergunta_5,colaboracao_pergunta_6,ambiente_pergunta_1,ambiente_pergunta_2,created_at,updated_at
2505df54-4d95-49bb-8e0d-a1ccf5f3a08d,,2025,2025-10-10,Respondido,Backoffice ,a partir de 36 meses,,⭐⭐⭐⭐⭐,⭐⭐⭐⭐⭐,⭐⭐⭐⭐⭐,⭐⭐⭐⭐⭐,⭐⭐⭐⭐⭐,⭐⭐⭐⭐⭐,⭐⭐⭐⭐,⭐⭐⭐⭐⭐,⭐⭐⭐,⭐⭐⭐⭐⭐,⭐⭐⭐⭐⭐,⭐⭐⭐⭐⭐,⭐⭐⭐,⭐⭐⭐⭐⭐,⭐⭐⭐,⭐⭐⭐⭐,⭐⭐⭐,⭐⭐⭐⭐,⭐⭐⭐,⭐⭐⭐⭐,⭐⭐⭐⭐⭐,⭐⭐⭐⭐⭐,⭐,⭐⭐,⭐⭐⭐⭐⭐,⭐⭐⭐⭐⭐,⭐⭐⭐⭐⭐,⭐⭐⭐⭐,⭐⭐⭐⭐,⭐⭐⭐⭐⭐,⭐⭐⭐⭐⭐,⭐⭐⭐⭐⭐,⭐⭐⭐⭐,⭐⭐⭐⭐,⭐⭐⭐⭐,⭐⭐⭐⭐⭐,⭐⭐⭐⭐,⭐⭐⭐,⭐⭐⭐,⭐⭐⭐⭐,⭐⭐⭐,⭐⭐⭐⭐,⭐⭐⭐⭐⭐,2026-03-31T03:35:29+00:00,2026-03-31T03:35:29+00:00
3646fe8f-00c4-4475-8d52-65786c2f25ce,,2025,2025-10-10,Em aberto,,,,,,,,,,,,,,,,,,,,,,,,,,,,,,,,,,,,,,,,,,,,,,,2026-03-31T03:35:29+00:00,2026-03-31T03:35:29+00:00
ac4ac74a-49b4-4e05-a2fc-2cec8998348a,,2025,2025-10-10,Respondido,Backoffice ,12 - 24 meses,,⭐⭐⭐⭐⭐,⭐⭐⭐⭐,⭐⭐⭐⭐⭐,⭐⭐⭐⭐⭐,⭐⭐⭐⭐⭐,⭐⭐⭐⭐⭐,⭐⭐⭐⭐⭐,⭐⭐⭐⭐,⭐⭐⭐⭐,⭐⭐⭐⭐⭐,⭐⭐⭐⭐⭐,⭐⭐⭐⭐⭐,⭐⭐⭐⭐,⭐⭐⭐⭐⭐,⭐⭐⭐⭐⭐,⭐⭐⭐⭐,⭐⭐⭐⭐,⭐⭐⭐⭐⭐,⭐⭐⭐,⭐⭐⭐⭐⭐,⭐⭐⭐⭐⭐,⭐⭐⭐⭐⭐,⭐⭐⭐⭐,⭐⭐⭐⭐,⭐⭐⭐⭐⭐,⭐⭐⭐⭐⭐,⭐⭐⭐⭐⭐,⭐⭐⭐⭐⭐,⭐⭐⭐⭐⭐,⭐⭐⭐⭐⭐,⭐⭐⭐⭐⭐,⭐⭐⭐⭐⭐,⭐⭐⭐⭐⭐,⭐⭐⭐⭐⭐,⭐⭐⭐⭐⭐,⭐⭐⭐⭐⭐,⭐⭐⭐⭐⭐,⭐⭐⭐⭐⭐,⭐⭐⭐⭐⭐,⭐⭐⭐⭐⭐,⭐⭐⭐⭐⭐,⭐⭐⭐⭐⭐,⭐⭐⭐⭐⭐,2026-03-31T03:35:29+00:00,2026-03-31T03:35:29+00:00
5fdb9e04-5e76-4825-b3b2-ac7703d49a91,,2025,2025-10-10,Respondido,DevOps,a partir de 36 meses,,⭐⭐⭐⭐⭐,⭐⭐⭐⭐⭐,⭐⭐⭐⭐⭐,⭐⭐⭐⭐,⭐⭐⭐⭐⭐,⭐⭐⭐,⭐⭐⭐,⭐⭐⭐⭐⭐,⭐⭐⭐⭐⭐,⭐⭐⭐,⭐⭐⭐⭐⭐,⭐⭐⭐⭐⭐,⭐⭐,⭐⭐⭐,⭐⭐⭐⭐,⭐⭐⭐⭐⭐,⭐⭐⭐⭐⭐,⭐⭐,⭐⭐⭐⭐,⭐⭐⭐⭐,⭐⭐⭐⭐⭐,⭐⭐⭐⭐,⭐,⭐⭐⭐,⭐⭐⭐⭐⭐,⭐⭐⭐,⭐⭐⭐⭐⭐,⭐⭐⭐⭐⭐,⭐⭐⭐⭐⭐,⭐⭐⭐⭐⭐,⭐⭐⭐⭐⭐,⭐⭐⭐⭐⭐,⭐⭐⭐⭐⭐,⭐⭐⭐⭐⭐,⭐⭐⭐,⭐⭐⭐⭐⭐,⭐⭐⭐⭐⭐,⭐⭐⭐⭐⭐,⭐⭐⭐⭐⭐,⭐⭐⭐⭐⭐,⭐⭐⭐⭐⭐,⭐⭐⭐⭐⭐,⭐⭐⭐⭐,2026-03-31T03:35:29+00:00,2026-03-31T03:35:29+00:00
44380675-f946-450a-a78d-a3c989d172a2,,2025,2025-10-10,Respondido,Quipu,a partir de 36 meses,,⭐⭐⭐⭐⭐,⭐⭐⭐⭐,⭐⭐⭐⭐,⭐⭐⭐⭐,⭐⭐⭐⭐⭐,⭐⭐⭐⭐⭐,⭐⭐⭐⭐⭐,⭐⭐⭐⭐⭐,⭐⭐⭐,⭐⭐⭐,⭐⭐⭐⭐,⭐⭐⭐⭐⭐,⭐⭐⭐⭐,⭐⭐⭐⭐⭐,⭐⭐⭐⭐,⭐⭐⭐⭐,⭐⭐⭐⭐,⭐⭐⭐,⭐⭐⭐,⭐⭐⭐⭐,⭐⭐⭐⭐,⭐⭐⭐⭐,⭐⭐,⭐⭐⭐,⭐⭐⭐⭐⭐,⭐⭐⭐⭐⭐,⭐⭐⭐⭐⭐,⭐⭐⭐⭐,⭐⭐⭐⭐,⭐⭐⭐⭐⭐,⭐⭐⭐⭐⭐,⭐⭐⭐⭐,⭐⭐⭐⭐,⭐⭐⭐⭐,⭐⭐⭐⭐,⭐⭐⭐⭐⭐,⭐⭐⭐⭐⭐,⭐⭐⭐⭐⭐,⭐⭐⭐⭐⭐,⭐⭐⭐⭐⭐,⭐⭐⭐⭐⭐,⭐⭐⭐⭐⭐,⭐⭐⭐⭐⭐,2026-03-31T03:35:29+00:00,2026-03-31T03:35:29+00:00
dfd0d1c5-1ee1-4921-9361-4618ad8e1d7f,,2025,2025-10-10,Em aberto,,,,,,,,,,,,,,,,,,,,,,,,,,,,,,,,,,,,,,,,,,,,,,,2026-03-31T03:35:29+00:00,2026-03-31T03:35:29+00:00
578c1e4a-517f-497c-8278-1b3f189d0f27,,2025,2025-10-10,Respondido,Operações CubosTec,a partir de 36 meses,,⭐⭐⭐⭐,⭐⭐⭐⭐,⭐⭐⭐⭐,⭐⭐⭐⭐,⭐⭐⭐⭐,⭐⭐⭐⭐,⭐⭐⭐⭐,⭐⭐⭐⭐,⭐⭐⭐,⭐⭐⭐,⭐⭐⭐,⭐⭐⭐⭐,⭐⭐⭐⭐,⭐⭐⭐⭐,⭐⭐⭐⭐,⭐⭐⭐,⭐⭐⭐⭐,⭐⭐⭐⭐,⭐⭐⭐⭐,⭐⭐⭐⭐,⭐⭐⭐⭐,⭐⭐⭐⭐,⭐⭐⭐⭐,⭐⭐⭐⭐,⭐⭐⭐⭐,⭐⭐⭐⭐,⭐⭐⭐⭐,⭐⭐⭐⭐,⭐⭐⭐⭐,⭐⭐⭐,⭐⭐⭐⭐,⭐⭐⭐,⭐⭐⭐⭐,⭐⭐⭐⭐,⭐⭐⭐⭐,⭐⭐⭐⭐,⭐⭐⭐⭐,⭐⭐⭐⭐,⭐⭐⭐⭐,⭐⭐⭐⭐,⭐⭐⭐⭐,⭐⭐⭐⭐,⭐⭐⭐⭐,2026-03-31T03:35:29+00:00,2026-03-31T03:35:29+00:00
39bd19b0-8d6b-4502-af63-55fb835f2fda,,2025,2025-10-10,Em aberto,,,,,,,,,,,,,,,,,,,,,,,,,,,,,,,,,,,,,,,,,,,,,,,2026-03-31T03:35:29+00:00,2026-03-31T03:35:29+00:00
80ee6ea5-3a6a-4bab-9a48-9761e503ba8c,,2025,2025-10-10,Em aberto,,,,,,,,,,,,,,,,,,,,,,,,,,,,,,,,,,,,,,,,,,,,,,,2026-03-31T03:35:29+00:00,2026-03-31T03:35:29+00:00
c845163b-e079-4916-98a0-827e3070a06a,,2025,2025-10-10,Respondido,Operações CubosTec,24 meses - 36 meses,,⭐⭐⭐⭐⭐,⭐⭐⭐⭐⭐,⭐⭐⭐⭐⭐,⭐⭐⭐⭐,⭐⭐⭐⭐⭐,⭐⭐⭐⭐,⭐⭐⭐⭐,⭐⭐⭐,⭐⭐⭐⭐,⭐⭐⭐,⭐⭐⭐⭐⭐,⭐⭐⭐,⭐⭐⭐⭐,⭐⭐⭐⭐,⭐⭐,⭐⭐⭐⭐,⭐⭐⭐,⭐⭐⭐⭐,⭐⭐,⭐⭐⭐⭐⭐,⭐⭐⭐⭐,⭐⭐⭐⭐,⭐⭐⭐,⭐⭐⭐⭐,⭐⭐⭐⭐,⭐⭐⭐⭐⭐,⭐⭐⭐⭐⭐,⭐⭐⭐⭐⭐,⭐⭐⭐⭐⭐,⭐⭐⭐⭐⭐,⭐⭐⭐⭐⭐,⭐⭐⭐⭐⭐,⭐⭐⭐⭐⭐,⭐⭐⭐⭐⭐,⭐⭐⭐⭐⭐,⭐⭐⭐⭐,⭐⭐⭐⭐,⭐⭐⭐⭐⭐,⭐⭐⭐⭐,⭐⭐⭐⭐,⭐⭐⭐⭐⭐,⭐⭐⭐⭐,⭐⭐⭐⭐⭐,2026-03-31T03:35:29+00:00,2026-03-31T03:35:29+00:00
4392c1eb-8fc1-41fd-a1b3-51a2aaba77ec,,2025,2025-10-10,Em aberto,,,,,,,,,,,,,,,,,,,,,,,,,,,,,,,,,,,,,,,,,,,,,,,2026-03-31T03:35:29+00:00,2026-03-31T03:35:29+00:00
e8ad4179-93aa-4345-ab78-4fb5115a8eb3,,2025,2025-10-10,Em aberto,,,,,,,,,,,,,,,,,,,,,,,,,,,,,,,,,,,,,,,,,,,,,,,2026-03-31T03:35:29+00:00,2026-03-31T03:35:29+00:00
4d23b0cd-5a20-48c4-a81c-d9e8761fd151,,2025,2025-10-10,Respondido,Operações CubosTec,a partir de 36 meses,,⭐⭐⭐⭐⭐,⭐⭐⭐⭐,⭐⭐⭐⭐,⭐⭐⭐⭐,⭐⭐⭐⭐⭐,⭐⭐⭐⭐⭐,⭐⭐⭐⭐,⭐⭐⭐⭐⭐,⭐⭐⭐⭐,⭐⭐⭐,⭐⭐⭐⭐,⭐⭐⭐⭐,⭐⭐⭐⭐,⭐⭐⭐⭐,⭐⭐⭐⭐,⭐⭐⭐⭐,⭐⭐⭐⭐⭐,⭐⭐⭐⭐⭐,⭐⭐⭐⭐⭐,⭐⭐⭐⭐⭐,⭐⭐⭐⭐⭐,⭐⭐⭐⭐,⭐⭐⭐⭐⭐,⭐⭐⭐⭐⭐,⭐⭐⭐⭐⭐,⭐⭐⭐⭐,⭐⭐⭐⭐⭐,⭐⭐⭐⭐⭐,⭐⭐⭐⭐⭐,⭐⭐⭐⭐⭐,⭐⭐⭐⭐,⭐⭐⭐⭐,⭐⭐⭐⭐,⭐⭐⭐⭐,⭐⭐⭐,⭐⭐⭐⭐⭐,⭐⭐⭐⭐,⭐⭐⭐⭐⭐,⭐⭐⭐⭐⭐,⭐⭐⭐⭐⭐,⭐⭐⭐⭐,⭐⭐⭐⭐,⭐⭐⭐⭐⭐,2026-03-31T03:35:29+00:00,2026-03-31T03:35:29+00:00
fc3d8d63-ff49-4c70-8fbf-0737127e9841,,2025,2025-10-10,Respondido,Operações CubosTec,a partir de 36 meses,,⭐⭐⭐⭐⭐,⭐⭐⭐,⭐⭐⭐⭐⭐,⭐⭐⭐⭐,⭐⭐⭐⭐⭐,⭐⭐⭐⭐⭐,⭐⭐⭐⭐⭐,⭐⭐⭐⭐⭐,⭐⭐⭐⭐⭐,⭐⭐⭐⭐⭐,⭐⭐⭐⭐⭐,⭐⭐⭐⭐,⭐⭐⭐⭐,⭐⭐⭐⭐⭐,⭐⭐⭐⭐,⭐⭐⭐⭐⭐,⭐⭐⭐,⭐⭐⭐⭐⭐,⭐⭐⭐⭐⭐,⭐⭐⭐⭐,⭐⭐⭐⭐⭐,⭐⭐⭐⭐⭐,⭐⭐⭐⭐⭐,⭐⭐⭐,⭐⭐⭐⭐⭐,⭐⭐⭐⭐⭐,⭐⭐⭐⭐⭐,⭐⭐⭐⭐⭐,⭐⭐⭐⭐⭐,⭐⭐⭐⭐⭐,⭐⭐⭐⭐,⭐⭐⭐⭐,⭐⭐⭐⭐,⭐⭐⭐⭐,⭐⭐⭐⭐,⭐⭐⭐⭐,⭐⭐⭐⭐,⭐⭐⭐⭐,⭐⭐⭐⭐,⭐⭐⭐⭐,⭐⭐⭐⭐⭐,⭐⭐⭐⭐⭐,⭐⭐⭐⭐⭐,2026-03-31T03:35:29+00:00,2026-03-31T03:35:29+00:00
36355005-6149-4de1-bdc7-80c0c9455dd2,,2025,2025-10-10,Respondido,DevOps,a partir de 36 meses,,⭐⭐⭐⭐,⭐⭐⭐⭐,⭐⭐⭐⭐,⭐⭐⭐⭐,⭐⭐⭐⭐⭐,⭐⭐⭐⭐,⭐⭐⭐⭐,⭐⭐⭐⭐,⭐⭐⭐⭐,⭐⭐⭐⭐,⭐⭐⭐,⭐⭐⭐⭐,⭐⭐⭐⭐,⭐⭐⭐⭐,⭐⭐⭐,⭐⭐⭐⭐⭐,⭐⭐⭐,⭐⭐⭐⭐,⭐⭐⭐⭐,⭐⭐⭐⭐,⭐⭐⭐⭐,⭐⭐⭐⭐,⭐⭐⭐⭐,⭐⭐⭐⭐,⭐⭐⭐⭐⭐,⭐⭐⭐⭐,⭐⭐⭐⭐,⭐⭐⭐⭐,⭐⭐⭐⭐,⭐⭐⭐⭐,⭐⭐⭐⭐,⭐⭐⭐⭐⭐,⭐⭐⭐⭐,⭐⭐⭐⭐,⭐⭐⭐⭐⭐,⭐⭐⭐⭐⭐,⭐⭐⭐⭐⭐,⭐⭐⭐⭐,⭐⭐⭐⭐,⭐⭐⭐⭐,⭐⭐⭐⭐,⭐⭐⭐⭐⭐,⭐⭐⭐⭐,2026-03-31T03:35:29+00:00,2026-03-31T03:35:29+00:00
f6bee001-47c5-426c-b87c-88af7fb2fd11,,2025,2025-10-10,Respondido,Backoffice ,a partir de 36 meses,,⭐⭐⭐⭐⭐,⭐⭐⭐⭐⭐,⭐⭐⭐⭐⭐,⭐⭐⭐⭐⭐,⭐⭐⭐⭐⭐,⭐⭐⭐⭐⭐,⭐⭐⭐⭐⭐,⭐⭐⭐⭐⭐,⭐⭐⭐⭐⭐,⭐⭐⭐⭐,⭐⭐⭐,⭐⭐⭐⭐⭐,⭐⭐⭐⭐,⭐⭐⭐⭐,⭐⭐⭐⭐⭐,⭐⭐⭐⭐⭐,⭐⭐⭐⭐⭐,⭐⭐⭐⭐⭐,⭐⭐⭐⭐⭐,⭐⭐⭐⭐⭐,⭐⭐⭐⭐⭐,⭐⭐⭐⭐⭐,⭐⭐⭐,⭐⭐,⭐⭐⭐⭐⭐,⭐⭐⭐⭐⭐,⭐⭐⭐⭐⭐,⭐⭐⭐⭐⭐,⭐⭐⭐⭐⭐,⭐⭐⭐⭐⭐,⭐⭐⭐⭐⭐,⭐⭐⭐⭐⭐,⭐⭐⭐⭐⭐,⭐⭐⭐⭐⭐,⭐⭐⭐⭐⭐,⭐⭐⭐⭐⭐,⭐⭐⭐⭐⭐,⭐⭐⭐⭐⭐,⭐⭐⭐⭐⭐,⭐⭐⭐⭐⭐,⭐⭐⭐⭐⭐,⭐⭐⭐⭐⭐,⭐⭐⭐⭐⭐,2026-03-31T03:35:29+00:00,2026-03-31T03:35:29+00:00
8695b8a4-b392-4782-a9ef-702b9a6dd8a5,,2025,2025-10-10,Respondido,Backoffice ,24 meses - 36 meses,,⭐⭐⭐⭐⭐,⭐⭐⭐⭐,⭐⭐⭐⭐,⭐⭐⭐,⭐⭐⭐⭐,⭐⭐⭐⭐,⭐⭐⭐,⭐⭐⭐,⭐⭐⭐⭐⭐,⭐⭐⭐⭐,⭐⭐⭐⭐,⭐⭐⭐⭐,⭐⭐,⭐⭐⭐,⭐⭐⭐,⭐⭐⭐,⭐⭐⭐,⭐⭐⭐⭐⭐,⭐⭐⭐⭐,⭐⭐⭐,⭐⭐⭐⭐⭐,⭐⭐⭐⭐,⭐⭐⭐⭐⭐,⭐⭐⭐⭐,⭐⭐⭐⭐⭐,⭐⭐⭐,⭐⭐⭐⭐,⭐⭐⭐⭐,⭐⭐⭐⭐,⭐⭐⭐⭐,⭐⭐⭐⭐,⭐⭐⭐,⭐⭐⭐⭐,⭐⭐⭐⭐⭐,⭐⭐,⭐⭐⭐⭐⭐,⭐⭐⭐⭐⭐,⭐⭐⭐⭐,⭐⭐⭐⭐,⭐⭐⭐,⭐⭐⭐⭐,⭐⭐⭐⭐⭐,⭐⭐⭐,2026-03-31T03:35:29+00:00,2026-03-31T03:35:29+00:00
2ab83570-1515-45ea-9d74-6f270a911f06,,2025,2025-10-10,Respondido,Operações CubosTec,a partir de 36 meses,,⭐⭐⭐⭐⭐,⭐⭐⭐⭐⭐,⭐⭐⭐⭐⭐,⭐⭐⭐⭐⭐,⭐⭐⭐⭐⭐,⭐⭐⭐,⭐⭐⭐⭐⭐,⭐⭐⭐,⭐⭐⭐⭐⭐,⭐⭐⭐,⭐⭐⭐⭐⭐,⭐⭐⭐⭐⭐,⭐⭐⭐⭐⭐,⭐⭐⭐⭐⭐,⭐⭐⭐⭐⭐,⭐⭐⭐⭐⭐,⭐⭐⭐⭐⭐,⭐⭐⭐⭐,⭐⭐⭐⭐⭐,⭐⭐⭐⭐⭐,⭐⭐⭐⭐⭐,⭐⭐⭐⭐⭐,⭐⭐,⭐⭐⭐,⭐⭐⭐⭐⭐,⭐⭐⭐⭐⭐,⭐⭐⭐⭐⭐,⭐⭐⭐⭐⭐,⭐⭐⭐⭐⭐,⭐⭐⭐⭐⭐,⭐⭐⭐⭐⭐,⭐⭐⭐⭐⭐,⭐⭐⭐⭐⭐,⭐⭐⭐⭐⭐,⭐⭐⭐⭐⭐,⭐⭐⭐,⭐⭐⭐⭐,⭐⭐⭐⭐⭐,⭐⭐⭐⭐⭐,⭐⭐⭐⭐⭐,⭐⭐⭐⭐⭐,⭐⭐⭐⭐⭐,⭐⭐⭐,2026-03-31T03:35:29+00:00,2026-03-31T03:35:29+00:00
c29b0fd0-b37f-4778-a4e7-f06c3cde01a7,,2025,2025-10-10,Respondido,Operações CubosTec,a partir de 36 meses,,⭐⭐⭐⭐⭐,⭐⭐⭐⭐,⭐⭐⭐⭐,⭐⭐⭐⭐,⭐⭐⭐⭐⭐,⭐⭐⭐,⭐⭐⭐⭐⭐,⭐⭐,⭐⭐⭐⭐,⭐⭐⭐⭐,⭐⭐⭐⭐,⭐⭐⭐⭐,⭐⭐⭐,⭐⭐⭐⭐⭐,⭐⭐⭐⭐⭐,⭐⭐⭐⭐⭐,⭐⭐⭐⭐⭐,⭐⭐⭐,⭐⭐⭐⭐⭐,⭐⭐⭐⭐⭐,⭐⭐⭐⭐⭐,⭐⭐⭐,⭐⭐,⭐⭐⭐⭐⭐,⭐⭐⭐⭐,⭐⭐⭐⭐⭐,⭐⭐⭐⭐⭐,⭐⭐⭐⭐,⭐⭐⭐⭐⭐,⭐⭐⭐⭐,⭐⭐⭐⭐⭐,⭐⭐⭐⭐⭐,⭐⭐⭐⭐⭐,⭐⭐⭐⭐⭐,⭐⭐⭐,⭐⭐⭐⭐⭐,⭐⭐⭐⭐⭐,⭐⭐⭐,⭐⭐⭐,⭐⭐⭐,⭐⭐⭐⭐,⭐⭐⭐,⭐⭐⭐⭐,2026-03-31T03:35:29+00:00,2026-03-31T03:35:29+00:00
d89c86f3-a52e-4851-b543-ad0f73d60d27,,2025,2025-10-10,Respondido,Operações CubosTec,a partir de 36 meses,,⭐⭐⭐⭐⭐,⭐⭐⭐⭐,⭐⭐⭐⭐⭐,⭐⭐⭐⭐,⭐⭐⭐⭐⭐,⭐⭐⭐⭐⭐,⭐⭐⭐⭐⭐,⭐⭐⭐⭐,⭐⭐⭐⭐⭐,⭐⭐⭐⭐,⭐⭐⭐⭐,⭐⭐⭐⭐⭐,⭐⭐⭐⭐,⭐⭐⭐⭐⭐,⭐⭐⭐,⭐⭐⭐⭐,⭐⭐⭐⭐⭐,⭐⭐⭐⭐⭐,⭐⭐⭐,⭐⭐⭐⭐⭐,⭐⭐⭐⭐,⭐⭐⭐⭐⭐,⭐⭐,⭐⭐⭐,⭐⭐⭐⭐⭐,⭐⭐⭐⭐⭐,⭐⭐⭐⭐,⭐⭐⭐⭐,⭐⭐⭐⭐⭐,⭐⭐⭐⭐⭐,⭐⭐⭐⭐⭐,⭐⭐⭐,⭐⭐⭐⭐⭐,⭐⭐⭐⭐,⭐⭐⭐,⭐⭐⭐⭐⭐,⭐⭐⭐⭐⭐,⭐⭐⭐⭐⭐,⭐⭐⭐⭐,⭐⭐,⭐⭐⭐⭐⭐,⭐⭐⭐⭐,⭐⭐⭐⭐⭐,2026-03-31T03:35:29+00:00,2026-03-31T03:35:29+00:00
5ff1c0cb-7818-44db-8433-09e20c5e499e,,2025,2025-10-10,Respondido,Operações CubosTec,a partir de 36 meses,,⭐⭐⭐⭐⭐,⭐⭐⭐⭐,⭐⭐⭐⭐⭐,⭐⭐⭐⭐⭐,⭐⭐⭐⭐⭐,⭐⭐⭐⭐⭐,⭐⭐⭐⭐⭐,⭐⭐⭐⭐⭐,⭐⭐⭐⭐⭐,⭐⭐⭐⭐⭐,⭐⭐⭐⭐⭐,⭐⭐⭐⭐⭐,⭐⭐⭐⭐⭐,⭐⭐⭐⭐⭐,⭐⭐⭐⭐⭐,⭐⭐⭐⭐⭐,⭐⭐⭐⭐⭐,⭐⭐⭐⭐,⭐⭐⭐⭐⭐,⭐⭐⭐⭐⭐,⭐⭐⭐⭐⭐,⭐⭐⭐⭐⭐,⭐⭐⭐⭐,⭐⭐⭐⭐⭐,⭐⭐⭐⭐⭐,⭐⭐⭐⭐⭐,⭐⭐⭐⭐⭐,⭐⭐⭐⭐⭐,⭐⭐⭐⭐⭐,⭐⭐⭐⭐⭐,⭐⭐⭐⭐⭐,⭐⭐⭐⭐⭐,⭐⭐⭐⭐⭐,⭐⭐⭐⭐⭐,⭐⭐⭐⭐⭐,⭐⭐⭐⭐⭐,⭐⭐⭐⭐⭐,⭐⭐⭐⭐⭐,⭐⭐⭐⭐⭐,⭐⭐⭐⭐⭐,⭐⭐⭐⭐⭐,⭐⭐⭐⭐⭐,⭐⭐⭐⭐⭐,2026-03-31T03:35:29+00:00,2026-03-31T03:35:29+00:00
854c9e2d-0763-4aab-8f12-aee3c5c66065,,2025,2025-10-10,Em aberto,,,,,,,,,,,,,,,,,,,,,,,,,,,,,,,,,,,,,,,,,,,,,,,2026-03-31T03:35:29+00:00,2026-03-31T03:35:29+00:00
52eb04f3-b57d-45da-8f31-5795cde8f6b4,,2025,2025-10-10,Em aberto,,,,,,,,,,,,,,,,,,,,,,,,,,,,,,,,,,,,,,,,,,,,,,,2026-03-31T03:35:29+00:00,2026-03-31T03:35:29+00:00
e3f9ddac-5d1f-4daa-8f0c-607170278bb2,,2025,2025-10-10,Em aberto,,,,,,,,,,,,,,,,,,,,,,,,,,,,,,,,,,,,,,,,,,,,,,,2026-03-31T03:35:29+00:00,2026-03-31T03:35:29+00:00
db0297e7-87fa-4344-813b-eaa36a44ff65,,2025,2025-10-10,Respondido,Quipu,12 - 24 meses,,⭐⭐⭐⭐,⭐⭐⭐⭐,⭐⭐⭐⭐,⭐⭐⭐⭐,⭐⭐⭐⭐,⭐⭐⭐⭐,⭐⭐⭐⭐,⭐⭐⭐⭐,⭐⭐⭐⭐,⭐⭐⭐⭐,⭐⭐⭐⭐,⭐⭐⭐⭐,⭐⭐⭐⭐,⭐⭐⭐⭐,⭐⭐⭐⭐,⭐⭐⭐⭐,⭐⭐⭐⭐,⭐⭐⭐⭐⭐,⭐⭐⭐⭐,⭐⭐⭐⭐,⭐⭐⭐⭐,⭐⭐⭐⭐,⭐⭐⭐,⭐⭐⭐⭐,⭐⭐⭐⭐⭐,⭐⭐⭐⭐⭐,⭐⭐⭐⭐,⭐⭐⭐⭐,⭐⭐⭐⭐⭐,⭐⭐⭐⭐⭐,⭐⭐⭐⭐⭐,⭐⭐⭐⭐⭐,⭐⭐⭐⭐⭐,⭐⭐⭐⭐⭐,⭐⭐⭐⭐,⭐⭐⭐,⭐⭐⭐,⭐⭐⭐⭐,⭐⭐⭐⭐,⭐⭐⭐,⭐⭐⭐⭐,⭐⭐⭐⭐,⭐⭐⭐⭐,2026-03-31T03:35:29+00:00,2026-03-31T03:35:29+00:00
8f60dadf-b0f6-43a8-bfc5-4bc3cafa2d6e,,2025,2025-10-10,Respondido,Operações CubosTec,a partir de 36 meses,,⭐⭐⭐⭐,⭐⭐⭐⭐,⭐⭐⭐,⭐⭐⭐⭐,⭐⭐⭐,⭐⭐⭐,⭐⭐⭐,⭐⭐⭐⭐,⭐⭐⭐⭐,⭐⭐⭐⭐,⭐⭐⭐⭐,⭐⭐⭐⭐⭐,⭐⭐⭐⭐,⭐⭐⭐⭐,⭐⭐⭐⭐,⭐⭐⭐⭐⭐,⭐⭐⭐⭐,⭐⭐⭐⭐,⭐⭐⭐⭐,⭐⭐⭐⭐,⭐⭐⭐⭐,⭐⭐⭐⭐,⭐⭐⭐⭐,⭐⭐⭐⭐⭐,⭐⭐⭐⭐⭐,⭐⭐⭐⭐⭐,⭐⭐⭐⭐⭐,⭐⭐⭐⭐⭐,⭐⭐⭐⭐⭐,⭐⭐⭐⭐,⭐⭐⭐⭐⭐,⭐⭐⭐⭐,⭐⭐⭐⭐⭐,⭐⭐⭐⭐⭐,⭐⭐⭐⭐,⭐⭐⭐⭐⭐,⭐⭐⭐⭐,⭐⭐⭐⭐,⭐⭐⭐⭐,⭐⭐⭐⭐⭐,⭐⭐⭐⭐,⭐⭐⭐⭐⭐,⭐⭐,2026-03-31T03:35:29+00:00,2026-03-31T03:35:29+00:00
c0c367db-f3cb-4f3c-864b-38a61326831c,,2025,2025-10-10,Em aberto,,,,,,,,,,,,,,,,,,,,,,,,,,,,,,,,,,,,,,,,,,,,,,,2026-03-31T03:35:29+00:00,2026-03-31T03:35:29+00:00
70146482-5b6e-4f5b-86a0-8222f7de1557,,2025,2025-10-10,Em aberto,,,,,,,,,,,,,,,,,,,,,,,,,,,,,,,,,,,,,,,,,,,,,,,2026-03-31T03:35:29+00:00,2026-03-31T03:35:29+00:00
84782511-4159-49fd-83ed-4b684c8e743a,,2025,2025-10-10,Em aberto,,,,,,,,,,,,,,,,,,,,,,,,,,,,,,,,,,,,,,,,,,,,,,,2026-03-31T03:35:29+00:00,2026-03-31T03:35:29+00:00
24a14fdc-7de7-4d52-b234-34353c1b9ffb,,2025,2025-10-10,Respondido,Operações CubosTec,12 - 24 meses,,⭐⭐⭐⭐,⭐⭐⭐⭐,⭐⭐⭐⭐,⭐⭐⭐⭐,⭐⭐⭐⭐,⭐⭐⭐⭐,⭐⭐⭐⭐,⭐⭐⭐⭐,⭐⭐⭐⭐,⭐⭐⭐⭐,⭐⭐⭐⭐,⭐⭐⭐⭐,⭐⭐⭐⭐,⭐⭐⭐⭐,⭐⭐⭐⭐,⭐⭐⭐⭐,⭐⭐⭐⭐,⭐⭐⭐⭐,⭐⭐⭐⭐,⭐⭐⭐⭐,⭐⭐⭐⭐,⭐⭐⭐⭐,⭐⭐⭐⭐⭐,⭐,⭐⭐⭐⭐⭐,⭐⭐⭐⭐,⭐⭐⭐⭐,⭐⭐⭐⭐,⭐⭐⭐⭐,⭐⭐⭐⭐,⭐⭐⭐⭐,⭐⭐⭐,⭐⭐⭐⭐,⭐⭐⭐⭐,⭐⭐⭐⭐,⭐⭐⭐⭐,⭐⭐⭐⭐,⭐⭐⭐⭐,⭐⭐⭐⭐,⭐⭐⭐⭐,⭐⭐⭐⭐,⭐⭐⭐,⭐⭐⭐⭐,2026-03-31T03:35:29+00:00,2026-03-31T03:35:29+00:00
f3e0f597-fbdd-4403-8f35-ca4252626382,,2025,2025-10-10,Respondido,Backoffice ,12 - 24 meses,,⭐⭐⭐⭐⭐,⭐⭐⭐⭐,⭐⭐⭐⭐⭐,⭐⭐⭐⭐⭐,⭐⭐⭐⭐⭐,⭐⭐⭐⭐⭐,⭐⭐⭐⭐⭐,⭐⭐⭐⭐⭐,⭐⭐⭐⭐⭐,⭐⭐⭐⭐,⭐⭐⭐⭐,⭐⭐⭐⭐⭐,⭐⭐⭐⭐⭐,⭐⭐⭐⭐⭐,⭐⭐⭐⭐,⭐⭐⭐⭐⭐,⭐⭐⭐⭐⭐,⭐⭐⭐⭐,⭐⭐⭐⭐⭐,⭐⭐⭐⭐⭐,⭐⭐⭐⭐⭐,⭐⭐⭐⭐⭐,⭐⭐⭐⭐⭐,⭐⭐⭐⭐,⭐⭐⭐⭐⭐,⭐⭐⭐⭐⭐,⭐⭐⭐⭐⭐,⭐⭐⭐⭐⭐,⭐⭐⭐⭐⭐,⭐⭐⭐⭐⭐,⭐⭐⭐⭐⭐,⭐⭐⭐⭐⭐,⭐⭐⭐⭐⭐,⭐⭐⭐⭐⭐,⭐⭐⭐⭐⭐,⭐⭐⭐⭐⭐,⭐⭐⭐⭐⭐,⭐⭐⭐⭐,⭐⭐⭐⭐⭐,⭐⭐⭐⭐⭐,⭐⭐⭐⭐⭐,⭐⭐⭐,⭐⭐⭐⭐⭐,2026-03-31T03:35:29+00:00,2026-03-31T03:35:29+00:00
0ec218be-7ac1-44d4-9b46-42c0626b0dd3,,2025,2025-10-10,Respondido,Operações CubosTec,a partir de 36 meses,,⭐⭐⭐⭐⭐,⭐,⭐⭐⭐⭐⭐,⭐⭐⭐⭐⭐,⭐⭐⭐⭐⭐,⭐⭐⭐⭐⭐,⭐⭐⭐⭐⭐,⭐⭐⭐⭐⭐,⭐⭐⭐⭐⭐,⭐⭐⭐⭐⭐,⭐⭐⭐⭐,⭐⭐⭐⭐⭐,⭐⭐⭐⭐⭐,⭐⭐⭐⭐⭐,⭐⭐⭐⭐⭐,⭐⭐⭐⭐⭐,⭐⭐⭐⭐⭐,⭐⭐⭐⭐⭐,⭐⭐⭐⭐⭐,⭐⭐⭐⭐⭐,⭐⭐⭐⭐⭐,⭐⭐⭐⭐⭐,⭐⭐⭐⭐⭐,⭐⭐⭐⭐⭐,⭐⭐⭐⭐⭐,⭐⭐⭐⭐⭐,⭐⭐⭐⭐⭐,⭐⭐⭐⭐⭐,⭐⭐⭐⭐⭐,⭐⭐⭐⭐⭐,⭐⭐⭐⭐⭐,⭐⭐⭐⭐⭐,⭐⭐⭐⭐⭐,⭐⭐⭐⭐⭐,⭐⭐⭐⭐⭐,⭐⭐⭐⭐⭐,⭐⭐⭐⭐⭐,⭐⭐⭐⭐⭐,⭐⭐⭐⭐⭐,⭐⭐⭐⭐⭐,⭐⭐⭐⭐⭐,⭐⭐⭐⭐,⭐⭐⭐⭐,2026-03-31T03:35:29+00:00,2026-03-31T03:35:29+00:00
962d0807-022d-4eca-815f-5d61b20c558b,,2025,2025-10-10,Respondido,Backoffice ,a partir de 36 meses,,⭐⭐⭐⭐⭐,⭐⭐⭐⭐⭐,⭐⭐⭐⭐⭐,⭐⭐⭐⭐⭐,⭐⭐⭐⭐⭐,⭐⭐⭐⭐⭐,⭐⭐⭐⭐⭐,⭐⭐⭐⭐⭐,⭐⭐⭐⭐⭐,⭐⭐⭐⭐⭐,⭐⭐⭐⭐⭐,⭐⭐⭐⭐⭐,⭐⭐⭐,⭐⭐⭐,⭐⭐⭐⭐⭐,⭐⭐⭐⭐⭐,⭐⭐⭐,⭐⭐⭐⭐⭐,⭐⭐⭐⭐⭐,⭐⭐⭐⭐⭐,⭐⭐⭐⭐⭐,⭐⭐⭐⭐⭐,⭐⭐,⭐⭐⭐⭐⭐,⭐⭐⭐⭐⭐,⭐⭐⭐⭐⭐,⭐⭐⭐⭐⭐,⭐⭐⭐⭐⭐,⭐⭐⭐⭐⭐,⭐⭐⭐⭐⭐,⭐⭐⭐⭐⭐,⭐⭐⭐⭐⭐,⭐⭐⭐⭐⭐,⭐⭐⭐⭐⭐,⭐⭐⭐⭐⭐,⭐⭐⭐⭐⭐,⭐⭐⭐⭐⭐,⭐⭐⭐⭐⭐,⭐⭐⭐⭐⭐,⭐⭐⭐⭐⭐,⭐⭐⭐⭐⭐,⭐⭐⭐⭐⭐,⭐⭐⭐⭐⭐,2026-03-31T03:35:29+00:00,2026-03-31T03:35:29+00:00
f9902a4a-9c42-43e0-b59d-4551be4f5f43,,2025,2025-10-10,Respondido,Operações CubosTec,a partir de 36 meses,,⭐⭐⭐⭐⭐,⭐⭐⭐⭐,⭐⭐⭐⭐,⭐⭐⭐⭐,⭐⭐⭐⭐⭐,⭐⭐⭐⭐,⭐⭐⭐⭐,⭐⭐⭐⭐⭐,⭐⭐⭐⭐,⭐⭐⭐,⭐⭐⭐⭐,⭐⭐⭐⭐,⭐⭐⭐⭐,⭐⭐⭐⭐,⭐⭐⭐,⭐⭐⭐,⭐⭐⭐⭐⭐,⭐⭐⭐⭐⭐,⭐⭐⭐,⭐⭐⭐⭐,⭐⭐⭐⭐⭐,⭐⭐⭐⭐⭐,⭐⭐⭐⭐,⭐⭐⭐⭐⭐,⭐⭐⭐⭐⭐,⭐⭐⭐⭐,⭐⭐⭐⭐⭐,⭐⭐⭐⭐⭐,⭐⭐⭐⭐,⭐⭐⭐⭐⭐,⭐⭐⭐⭐⭐,⭐⭐⭐⭐,⭐⭐⭐⭐,⭐⭐⭐⭐⭐,⭐⭐⭐⭐⭐,⭐⭐⭐⭐⭐,⭐⭐⭐⭐⭐,⭐⭐⭐⭐,⭐⭐⭐⭐⭐,⭐⭐⭐⭐,⭐⭐⭐⭐⭐,⭐⭐⭐⭐,⭐⭐⭐⭐,2026-03-31T03:35:29+00:00,2026-03-31T03:35:29+00:00
529a9bf4-560b-4ef2-8a11-82b449442da4,,2025,2025-10-10,Em aberto,,,,,,,,,,,,,,,,,,,,,,,,,,,,,,,,,,,,,,,,,,,,,,,2026-03-31T03:35:29+00:00,2026-03-31T03:35:29+00:00
9c166e0b-a69d-4af0-b6a2-2ca33e9d85af,,2025,2025-10-10,Respondido,Operações CubosTec,24 meses - 36 meses,,⭐⭐⭐⭐⭐,⭐⭐⭐⭐,⭐⭐⭐⭐⭐,⭐⭐⭐⭐,⭐⭐⭐⭐,⭐⭐⭐⭐,⭐⭐⭐⭐,⭐⭐⭐,⭐⭐⭐⭐,⭐⭐⭐⭐⭐,⭐⭐⭐⭐⭐,⭐⭐⭐⭐,⭐⭐⭐⭐,⭐⭐⭐⭐,⭐⭐⭐⭐,⭐⭐⭐⭐,⭐⭐⭐⭐,⭐⭐⭐⭐⭐,⭐⭐⭐⭐⭐,⭐⭐⭐⭐,⭐⭐⭐⭐,⭐⭐⭐⭐,⭐⭐⭐⭐,⭐⭐⭐⭐⭐,⭐⭐⭐⭐⭐,⭐⭐⭐⭐,⭐⭐⭐⭐,⭐⭐⭐⭐,⭐⭐⭐⭐,⭐⭐⭐⭐,⭐⭐⭐⭐,⭐⭐⭐⭐,⭐⭐⭐⭐,⭐⭐⭐⭐⭐,⭐⭐⭐⭐,⭐⭐⭐,⭐⭐⭐⭐⭐,⭐⭐⭐⭐,⭐⭐⭐⭐,⭐⭐⭐,⭐⭐⭐⭐,⭐⭐⭐,⭐⭐⭐⭐,2026-03-31T03:35:29+00:00,2026-03-31T03:35:29+00:00
d4e1e2b8-6142-499c-b335-bce79392de9a,,2025,2025-10-10,Em aberto,,,,,,,,,,,,,,,,,,,,,,,,,,,,,,,,,,,,,,,,,,,,,,,2026-03-31T03:35:29+00:00,2026-03-31T03:35:29+00:00
f4ad26df-6e94-422a-ba6b-b7f47cf1c135,,2025,2025-10-10,Respondido,Operações CubosTec,a partir de 36 meses,,⭐⭐⭐⭐⭐,⭐⭐⭐,⭐⭐⭐⭐⭐,⭐⭐⭐⭐,⭐⭐⭐⭐⭐,⭐⭐⭐⭐⭐,⭐⭐⭐⭐,⭐⭐⭐⭐,⭐⭐⭐⭐⭐,⭐⭐⭐⭐,⭐⭐⭐⭐⭐,⭐⭐⭐⭐,⭐⭐⭐⭐,⭐⭐⭐⭐,⭐⭐⭐⭐⭐,⭐⭐⭐⭐⭐,⭐⭐⭐⭐⭐,⭐⭐⭐⭐,⭐⭐⭐⭐⭐,⭐⭐⭐⭐⭐,⭐⭐⭐⭐⭐,⭐⭐⭐⭐⭐,⭐⭐,⭐⭐⭐,⭐⭐⭐⭐,⭐⭐⭐⭐⭐,⭐⭐⭐⭐⭐,⭐⭐⭐⭐⭐,⭐⭐⭐⭐⭐,⭐⭐⭐⭐⭐,⭐⭐⭐⭐⭐,⭐⭐⭐⭐⭐,⭐⭐⭐⭐⭐,⭐⭐⭐⭐⭐,⭐⭐⭐⭐⭐,⭐⭐⭐⭐⭐,⭐⭐⭐⭐⭐,⭐⭐⭐⭐⭐,⭐⭐⭐⭐,⭐⭐⭐⭐⭐,⭐⭐⭐⭐⭐,⭐⭐⭐⭐⭐,⭐⭐⭐⭐,2026-03-31T03:35:29+00:00,2026-03-31T03:35:29+00:00
0b3c5137-32f7-4ac5-8828-77dd4fe403e9,,2025,2025-10-10,Em aberto,,,,,,,,,,,,,,,,,,,,,,,,,,,,,,,,,,,,,,,,,,,,,,,2026-03-31T03:35:29+00:00,2026-03-31T03:35:29+00:00
92d2c8bf-78c3-4974-b9a3-ab945d8515d1,,2025,2025-10-10,Respondido,DevOps,12 - 24 meses,,⭐⭐⭐⭐⭐,⭐⭐⭐⭐⭐,⭐⭐⭐⭐⭐,⭐⭐⭐⭐⭐,⭐⭐⭐⭐⭐,⭐⭐⭐⭐⭐,⭐⭐⭐⭐⭐,⭐⭐⭐⭐⭐,⭐⭐⭐⭐⭐,⭐⭐⭐⭐⭐,⭐⭐⭐⭐⭐,⭐⭐⭐⭐⭐,⭐⭐⭐⭐⭐,⭐⭐⭐⭐⭐,⭐⭐⭐⭐⭐,⭐⭐⭐⭐⭐,⭐⭐⭐⭐⭐,⭐⭐⭐⭐⭐,⭐⭐⭐⭐⭐,⭐⭐⭐⭐⭐,⭐⭐⭐⭐⭐,⭐⭐⭐⭐⭐,⭐⭐⭐⭐,⭐⭐⭐⭐⭐,⭐⭐⭐⭐⭐,⭐⭐⭐⭐⭐,⭐⭐⭐⭐⭐,⭐⭐⭐⭐⭐,⭐⭐⭐⭐⭐,⭐⭐⭐⭐⭐,⭐⭐⭐⭐⭐,⭐⭐⭐⭐⭐,⭐⭐⭐⭐⭐,⭐⭐⭐⭐⭐,⭐⭐⭐⭐⭐,⭐⭐⭐⭐⭐,⭐⭐⭐⭐⭐,⭐⭐⭐⭐⭐,⭐⭐⭐⭐⭐,⭐⭐⭐⭐⭐,⭐⭐⭐⭐⭐,⭐⭐⭐⭐⭐,⭐⭐⭐⭐⭐,2026-03-31T03:35:29+00:00,2026-03-31T03:35:29+00:00
eb8405a6-0233-419b-ba03-7acc550a09ce,,2025,2025-10-10,Respondido,Backoffice ,12 - 24 meses,,⭐⭐⭐⭐⭐,⭐⭐⭐⭐,⭐⭐⭐⭐⭐,⭐⭐⭐⭐,⭐⭐⭐⭐,⭐⭐⭐⭐,⭐⭐,⭐⭐⭐⭐,⭐⭐,⭐⭐⭐⭐⭐,⭐⭐⭐⭐⭐,⭐⭐,⭐⭐⭐⭐,⭐⭐⭐⭐⭐,⭐⭐,⭐⭐⭐,⭐⭐⭐,⭐⭐⭐,⭐,⭐⭐⭐,⭐⭐⭐⭐⭐,⭐⭐⭐,⭐⭐⭐⭐⭐,⭐⭐⭐⭐⭐,⭐⭐⭐⭐⭐,⭐⭐⭐⭐⭐,⭐⭐⭐⭐⭐,⭐⭐⭐⭐,⭐⭐⭐⭐⭐,⭐⭐⭐⭐⭐,⭐⭐⭐⭐⭐,⭐⭐⭐⭐⭐,⭐⭐⭐⭐⭐,⭐⭐⭐⭐⭐,⭐⭐⭐⭐⭐,⭐⭐⭐,⭐⭐⭐⭐,⭐⭐⭐⭐⭐,⭐⭐⭐⭐⭐,⭐⭐⭐⭐⭐,⭐⭐⭐⭐,⭐⭐⭐⭐⭐,⭐⭐⭐⭐⭐,2026-03-31T03:35:29+00:00,2026-03-31T03:35:29+00:00
a34b790a-7160-4532-8398-12b6249c5e81,,2025,2025-10-10,Em aberto,,,,,,,,,,,,,,,,,,,,,,,,,,,,,,,,,,,,,,,,,,,,,,,2026-03-31T03:35:29+00:00,2026-03-31T03:35:29+00:00
d352389c-a666-4439-b93e-b4205649ad08,,2025,2025-10-10,Em aberto,,,,,,,,,,,,,,,,,,,,,,,,,,,,,,,,,,,,,,,,,,,,,,,2026-03-31T03:35:29+00:00,2026-03-31T03:35:29+00:00
5406cbdd-6152-49f9-869b-c94343f87b42,,2025,2025-10-10,Respondido,Operações CubosTec,1 - 12 meses,,⭐⭐⭐,⭐⭐⭐⭐,⭐⭐⭐⭐⭐,⭐⭐⭐,⭐⭐⭐⭐⭐,⭐⭐⭐⭐⭐,⭐⭐⭐⭐⭐,⭐⭐⭐⭐,⭐⭐⭐⭐,⭐⭐⭐⭐⭐,⭐⭐⭐⭐,⭐⭐⭐,⭐⭐⭐,⭐⭐⭐⭐⭐,⭐⭐⭐,⭐⭐⭐,⭐⭐⭐⭐,⭐⭐⭐,⭐⭐⭐⭐⭐,⭐⭐⭐⭐,⭐⭐⭐⭐⭐,⭐⭐⭐⭐,⭐⭐⭐⭐,⭐⭐⭐⭐,⭐⭐⭐⭐⭐,⭐⭐⭐⭐⭐,⭐⭐⭐⭐,⭐⭐⭐⭐⭐,⭐⭐⭐⭐⭐,⭐⭐⭐⭐⭐,⭐⭐⭐⭐⭐,⭐⭐⭐⭐,⭐⭐⭐⭐,⭐⭐⭐,⭐⭐⭐,⭐⭐⭐⭐⭐,⭐⭐⭐⭐,⭐⭐⭐⭐⭐,⭐⭐⭐⭐⭐,⭐⭐⭐⭐,⭐⭐⭐⭐⭐,⭐⭐⭐⭐⭐,⭐⭐⭐,2026-03-31T03:35:29+00:00,2026-03-31T03:35:29+00:00
f624a695-269e-4221-8cfb-fd0e65d5b6e1,,2025,2025-10-10,Respondido,DevOps,1 - 12 meses,,⭐⭐⭐,⭐⭐⭐⭐⭐,⭐⭐⭐⭐⭐,⭐⭐⭐⭐⭐,⭐⭐⭐⭐⭐,⭐⭐⭐⭐⭐,⭐⭐⭐⭐⭐,⭐⭐⭐⭐⭐,⭐⭐⭐⭐⭐,⭐⭐⭐⭐⭐,⭐⭐⭐⭐⭐,⭐⭐⭐⭐⭐,⭐⭐⭐⭐⭐,⭐⭐⭐⭐⭐,⭐⭐⭐⭐⭐,⭐⭐⭐⭐⭐,⭐⭐⭐⭐⭐,⭐⭐⭐⭐⭐,⭐⭐⭐⭐⭐,⭐⭐⭐⭐⭐,⭐⭐⭐⭐⭐,⭐⭐⭐⭐⭐,⭐⭐⭐⭐,⭐⭐⭐⭐,⭐⭐⭐⭐⭐,⭐⭐⭐⭐⭐,⭐⭐⭐⭐⭐,⭐⭐⭐⭐⭐,⭐⭐⭐⭐⭐,⭐⭐⭐⭐⭐,⭐⭐⭐⭐⭐,⭐⭐⭐⭐⭐,⭐⭐⭐⭐⭐,⭐⭐⭐⭐⭐,⭐⭐⭐⭐⭐,⭐⭐⭐⭐⭐,⭐⭐⭐⭐⭐,⭐⭐⭐⭐⭐,⭐⭐⭐⭐⭐,⭐⭐⭐⭐⭐,⭐⭐⭐⭐⭐,⭐⭐⭐⭐⭐,⭐⭐⭐⭐⭐,2026-03-31T03:35:29+00:00,2026-03-31T03:35:29+00:00
e1c145c9-2624-4bb4-80ac-e8959833f993,,2025,2025-10-10,Respondido,Operações CubosTec,1 - 12 meses,,⭐⭐⭐⭐,⭐⭐⭐,⭐⭐⭐⭐⭐,⭐⭐⭐⭐,⭐⭐⭐⭐⭐,⭐⭐⭐⭐,⭐⭐⭐⭐⭐,⭐⭐⭐⭐⭐,⭐⭐⭐⭐,⭐⭐⭐,⭐⭐⭐⭐⭐,⭐⭐⭐⭐⭐,⭐⭐⭐⭐,⭐⭐⭐⭐⭐,⭐⭐⭐⭐⭐,⭐⭐⭐⭐⭐,⭐⭐⭐⭐⭐,⭐⭐⭐,⭐⭐⭐,⭐⭐⭐⭐⭐,⭐⭐⭐⭐,⭐⭐⭐⭐,⭐⭐⭐,⭐⭐⭐⭐,⭐⭐⭐⭐⭐,⭐⭐⭐⭐⭐,⭐⭐⭐⭐⭐,⭐⭐⭐⭐⭐,⭐⭐⭐⭐⭐,⭐⭐⭐⭐⭐,⭐⭐⭐⭐⭐,⭐⭐⭐⭐,⭐⭐⭐⭐⭐,⭐⭐⭐⭐⭐,⭐⭐⭐⭐⭐,⭐⭐⭐⭐⭐,⭐⭐⭐⭐⭐,⭐⭐⭐⭐⭐,⭐⭐⭐⭐⭐,⭐⭐⭐⭐⭐,⭐⭐⭐⭐⭐,⭐⭐⭐⭐,⭐⭐⭐⭐,2026-03-31T03:35:29+00:00,2026-03-31T03:35:29+00:00
7c41bc0c-3167-4de4-b9be-cdb6b33ad258,,2025,2025-10-10,Respondido,Operações CubosTec,1 - 12 meses,,⭐⭐⭐⭐⭐,⭐⭐⭐⭐⭐,⭐⭐⭐⭐⭐,⭐⭐⭐⭐⭐,⭐⭐⭐⭐⭐,⭐⭐⭐⭐⭐,⭐⭐⭐⭐⭐,⭐⭐⭐⭐⭐,⭐⭐⭐⭐⭐,⭐⭐⭐⭐⭐,⭐⭐⭐⭐⭐,⭐⭐⭐⭐⭐,⭐⭐⭐⭐⭐,⭐⭐⭐⭐⭐,⭐⭐⭐⭐⭐,⭐⭐⭐⭐⭐,⭐⭐⭐⭐⭐,⭐⭐⭐⭐⭐,⭐⭐⭐⭐⭐,⭐⭐⭐⭐⭐,⭐⭐⭐⭐⭐,⭐⭐⭐⭐⭐,⭐⭐⭐⭐⭐,⭐⭐⭐⭐⭐,⭐⭐⭐⭐⭐,⭐⭐⭐⭐⭐,⭐⭐⭐⭐⭐,⭐⭐⭐⭐⭐,⭐⭐⭐⭐⭐,⭐⭐⭐⭐⭐,⭐⭐⭐⭐⭐,⭐⭐⭐⭐⭐,⭐⭐⭐⭐⭐,⭐⭐⭐⭐⭐,⭐⭐⭐⭐⭐,⭐⭐⭐⭐⭐,⭐⭐⭐⭐⭐,⭐⭐⭐⭐⭐,⭐⭐⭐⭐⭐,⭐⭐⭐⭐⭐,⭐⭐⭐⭐⭐,⭐⭐⭐⭐⭐,⭐⭐⭐⭐⭐,2026-03-31T03:35:29+00:00,2026-03-31T03:35:29+00:00
76b719da-9cb4-4b95-8fb5-3d2b43cd676f,,2025,2025-10-10,Respondido,Operações CubosTec,1 - 12 meses,,⭐⭐⭐⭐,⭐⭐⭐⭐,⭐⭐⭐⭐⭐,⭐⭐⭐⭐⭐,⭐⭐⭐⭐⭐,⭐⭐⭐⭐⭐,⭐⭐⭐⭐⭐,⭐⭐⭐⭐⭐,⭐⭐⭐⭐⭐,⭐⭐⭐,⭐⭐⭐,⭐⭐⭐⭐,⭐⭐⭐⭐,⭐⭐⭐⭐,⭐⭐⭐,⭐⭐⭐,⭐⭐⭐⭐,⭐⭐⭐,⭐⭐⭐⭐⭐,⭐⭐⭐⭐⭐,⭐⭐⭐⭐,⭐⭐⭐⭐⭐,⭐⭐⭐⭐⭐,⭐⭐⭐⭐,⭐⭐⭐⭐⭐,⭐⭐⭐⭐⭐,⭐⭐⭐⭐⭐,⭐⭐⭐⭐⭐,⭐⭐⭐⭐⭐,⭐⭐⭐⭐⭐,⭐⭐⭐⭐⭐,⭐⭐⭐⭐⭐,⭐⭐⭐⭐⭐,⭐⭐⭐⭐⭐,⭐⭐⭐⭐⭐,⭐⭐⭐⭐,⭐⭐⭐⭐⭐,⭐⭐⭐⭐,⭐⭐⭐⭐,⭐⭐⭐⭐⭐,⭐⭐⭐⭐⭐,⭐⭐⭐⭐⭐,⭐⭐⭐⭐⭐,2026-03-31T03:35:29+00:00,2026-03-31T03:35:29+00:00
4a446cb4-7de8-4bfa-b491-5432475c4ad2,,2025,2025-10-10,Respondido,Operações CubosTec,1 - 12 meses,,⭐⭐⭐⭐⭐,⭐⭐⭐⭐,⭐⭐⭐⭐⭐,⭐⭐⭐⭐⭐,⭐⭐⭐⭐⭐,⭐⭐⭐⭐⭐,⭐⭐⭐⭐⭐,⭐⭐⭐⭐,⭐⭐⭐⭐⭐,⭐⭐,⭐⭐⭐⭐⭐,⭐⭐⭐⭐⭐,⭐⭐⭐⭐⭐,⭐⭐⭐⭐⭐,⭐⭐⭐⭐⭐,⭐⭐⭐⭐⭐,⭐⭐⭐⭐⭐,⭐⭐⭐⭐⭐,⭐⭐⭐⭐⭐,⭐⭐⭐⭐⭐,⭐⭐⭐⭐⭐,⭐⭐⭐⭐⭐,⭐⭐⭐,⭐⭐⭐⭐⭐,⭐⭐⭐⭐⭐,⭐⭐⭐⭐⭐,⭐⭐⭐⭐⭐,⭐⭐⭐⭐⭐,⭐⭐⭐⭐⭐,⭐⭐⭐⭐⭐,⭐⭐⭐⭐⭐,⭐⭐⭐⭐⭐,⭐⭐⭐⭐,⭐⭐⭐⭐⭐,⭐⭐⭐⭐⭐,⭐⭐⭐⭐⭐,⭐⭐⭐⭐⭐,⭐⭐⭐⭐⭐,⭐⭐⭐⭐⭐,⭐⭐⭐⭐⭐,⭐⭐⭐⭐⭐,⭐⭐⭐⭐⭐,⭐⭐⭐⭐⭐,2026-03-31T03:35:29+00:00,2026-03-31T03:35:29+00:00
7653597f-009b-4b71-8c7d-cb8c4a1a9793,,2025,2025-10-10,Respondido,Operações CubosTec,1 - 12 meses,,⭐⭐⭐⭐⭐,⭐⭐⭐⭐,⭐⭐⭐⭐⭐,⭐⭐⭐⭐⭐,⭐⭐⭐⭐⭐,⭐⭐⭐⭐⭐,⭐⭐⭐⭐⭐,⭐⭐⭐⭐⭐,⭐⭐⭐⭐⭐,⭐⭐⭐⭐,⭐⭐⭐⭐⭐,⭐⭐⭐⭐⭐,⭐⭐⭐⭐⭐,⭐⭐⭐⭐⭐,⭐⭐⭐⭐⭐,⭐⭐⭐⭐⭐,⭐⭐⭐⭐⭐,⭐⭐⭐⭐⭐,⭐⭐⭐⭐⭐,⭐⭐⭐⭐⭐,⭐⭐⭐⭐⭐,⭐⭐⭐⭐⭐,⭐⭐⭐,⭐⭐⭐⭐,⭐⭐⭐⭐⭐,⭐⭐⭐⭐⭐,⭐⭐⭐⭐⭐,⭐⭐⭐⭐⭐,⭐⭐⭐⭐⭐,⭐⭐⭐⭐⭐,⭐⭐⭐⭐⭐,⭐⭐⭐⭐⭐,⭐⭐⭐⭐⭐,⭐⭐⭐⭐⭐,⭐⭐⭐⭐⭐,⭐⭐⭐⭐,⭐⭐⭐⭐,⭐⭐⭐⭐⭐,⭐⭐⭐⭐⭐,⭐⭐⭐⭐⭐,⭐⭐⭐⭐⭐,⭐⭐⭐⭐⭐,⭐⭐⭐⭐⭐,2026-03-31T03:35:29+00:00,2026-03-31T03:35:29+00:00
39d81486-ba7c-42a8-ba1e-01816796e812,,2025,2025-10-10,Respondido,Operações CubosTec,1 - 12 meses,,⭐⭐⭐⭐⭐,⭐⭐,⭐⭐⭐⭐⭐,⭐⭐⭐⭐,⭐⭐⭐⭐⭐,⭐⭐⭐⭐,⭐⭐⭐⭐⭐,⭐⭐⭐⭐⭐,⭐⭐⭐⭐⭐,⭐⭐⭐⭐,⭐⭐⭐⭐,⭐⭐⭐⭐⭐,⭐⭐⭐⭐⭐,⭐⭐⭐⭐⭐,⭐⭐⭐⭐⭐,⭐⭐⭐,⭐⭐⭐⭐⭐,⭐⭐⭐,⭐⭐⭐⭐,⭐⭐⭐⭐⭐,⭐⭐⭐⭐⭐,⭐⭐⭐⭐⭐,⭐⭐⭐,⭐⭐⭐,⭐⭐⭐⭐⭐,⭐⭐⭐⭐⭐,⭐⭐⭐⭐⭐,⭐⭐⭐⭐⭐,⭐⭐⭐⭐,⭐⭐⭐⭐⭐,⭐⭐⭐⭐⭐,⭐⭐⭐⭐⭐,⭐⭐⭐⭐⭐,⭐⭐⭐⭐⭐,⭐⭐⭐⭐⭐,⭐⭐⭐⭐⭐,⭐⭐⭐⭐⭐,⭐⭐⭐⭐⭐,⭐⭐⭐⭐⭐,⭐⭐⭐⭐,⭐⭐⭐⭐⭐,⭐⭐⭐⭐,⭐⭐⭐⭐⭐,2026-03-31T03:35:29+00:00,2026-03-31T03:35:29+00:00
cc1c1256-6d1a-4ff8-894d-7d453b482994,,2025,2025-10-10,Respondido,Operações CubosTec,1 - 12 meses,,⭐⭐⭐⭐,⭐⭐⭐,⭐⭐⭐⭐⭐,⭐⭐⭐⭐,⭐⭐⭐⭐⭐,⭐⭐⭐⭐,⭐⭐⭐⭐⭐,⭐⭐⭐⭐,⭐⭐⭐⭐⭐,⭐⭐⭐⭐,⭐⭐⭐⭐,⭐⭐⭐⭐⭐,⭐⭐⭐⭐,⭐⭐⭐⭐,⭐⭐⭐,⭐⭐⭐⭐,⭐⭐⭐⭐,⭐⭐⭐⭐,⭐⭐⭐⭐⭐,⭐⭐⭐⭐⭐,⭐⭐⭐⭐,⭐⭐⭐⭐⭐,⭐⭐⭐⭐⭐,⭐⭐⭐⭐,⭐⭐⭐⭐⭐,⭐⭐⭐⭐⭐,⭐⭐⭐⭐⭐,⭐⭐⭐⭐⭐,⭐⭐⭐⭐⭐,⭐⭐⭐⭐⭐,⭐⭐⭐⭐,⭐⭐⭐⭐,⭐⭐⭐⭐,⭐⭐⭐⭐,⭐⭐⭐,⭐⭐⭐,⭐⭐⭐,⭐⭐⭐⭐,⭐⭐⭐⭐,⭐⭐⭐⭐,⭐⭐⭐⭐⭐,⭐⭐⭐⭐,⭐⭐⭐⭐⭐,2026-03-31T03:35:29+00:00,2026-03-31T03:35:29+00:00
931abef2-f7af-4333-ada2-8fd0e924ac96,,2025,2025-10-10,Em aberto,,,,,,,,,,,,,,,,,,,,,,,,,,,,,,,,,,,,,,,,,,,,,,,2026-03-31T03:35:29+00:00,2026-03-31T03:35:29+00:00
15f669f3-5c78-42ca-939c-6ed4b250aad4,,2025,2025-10-10,Em aberto,,,,,,,,,,,,,,,,,,,,,,,,,,,,,,,,,,,,,,,,,,,,,,,2026-03-31T03:35:29+00:00,2026-03-31T03:35:29+00:00
09309233-e6d4-4b21-852e-c7e021a702df,,2025,2025-10-10,Respondido,Operações CubosTec,1 - 12 meses,,⭐⭐⭐,⭐⭐⭐⭐,⭐⭐⭐⭐⭐,⭐⭐⭐⭐⭐,⭐⭐⭐⭐⭐,⭐⭐⭐⭐⭐,⭐⭐⭐⭐⭐,⭐⭐⭐⭐,⭐⭐⭐⭐,⭐⭐⭐⭐,⭐⭐⭐⭐,⭐⭐⭐⭐⭐,⭐⭐⭐⭐,⭐⭐⭐⭐,⭐⭐⭐⭐,⭐⭐⭐⭐,⭐⭐⭐,⭐⭐⭐⭐⭐,⭐⭐⭐⭐,⭐⭐⭐⭐,⭐⭐⭐⭐,⭐⭐⭐⭐⭐,⭐⭐⭐⭐,⭐⭐⭐⭐,⭐⭐⭐⭐⭐,⭐⭐⭐⭐⭐,⭐⭐⭐⭐⭐,⭐⭐⭐⭐⭐,⭐⭐⭐⭐,⭐⭐⭐⭐⭐,⭐⭐⭐⭐⭐,⭐⭐⭐⭐,⭐⭐⭐⭐,⭐⭐⭐,⭐⭐⭐⭐,⭐⭐⭐⭐,⭐⭐⭐⭐,⭐⭐⭐⭐⭐,⭐⭐⭐⭐,⭐⭐⭐⭐,⭐⭐⭐⭐⭐,⭐⭐⭐⭐⭐,⭐⭐⭐⭐⭐,2026-03-31T03:35:29+00:00,2026-03-31T03:35:29+00:00
d6de70b9-12f7-42b6-abfa-0f8343d91d8f,,2025,2025-10-10,Respondido,Operações CubosTec,1 - 12 meses,,⭐⭐⭐,⭐⭐⭐⭐,⭐⭐⭐⭐⭐,⭐⭐⭐⭐⭐,⭐⭐⭐⭐⭐,⭐⭐⭐⭐⭐,⭐⭐⭐⭐⭐,⭐⭐⭐⭐⭐,⭐⭐⭐⭐⭐,⭐⭐⭐⭐⭐,⭐⭐⭐⭐,⭐⭐⭐,⭐⭐⭐⭐,⭐⭐⭐⭐⭐,⭐⭐⭐⭐⭐,⭐⭐⭐⭐⭐,⭐⭐⭐⭐⭐,⭐⭐⭐⭐⭐,⭐⭐⭐⭐⭐,⭐⭐⭐⭐,⭐⭐⭐⭐⭐,⭐⭐⭐⭐⭐,⭐⭐⭐⭐⭐,⭐⭐⭐⭐⭐,⭐⭐⭐⭐⭐,⭐⭐⭐⭐⭐,⭐⭐⭐⭐⭐,⭐⭐⭐⭐⭐,⭐⭐⭐⭐⭐,⭐⭐⭐⭐⭐,⭐⭐⭐⭐⭐,⭐⭐⭐⭐⭐,⭐⭐⭐⭐⭐,⭐⭐⭐⭐⭐,⭐⭐⭐⭐,⭐⭐⭐⭐⭐,⭐⭐⭐⭐⭐,⭐⭐⭐⭐,⭐⭐⭐⭐⭐,⭐⭐⭐⭐⭐,⭐⭐⭐⭐⭐,⭐⭐⭐⭐⭐,⭐⭐⭐⭐⭐,2026-03-31T03:35:29+00:00,2026-03-31T03:35:29+00:00
799d8674-bb64-48c7-b9ec-0456d7afe25b,,2025,2025-10-10,Respondido,DevOps,1 - 12 meses,,⭐⭐⭐⭐,⭐⭐⭐⭐⭐,⭐⭐⭐⭐,⭐⭐⭐⭐⭐,⭐⭐⭐⭐⭐,⭐⭐⭐⭐,⭐⭐⭐⭐,⭐⭐⭐⭐,⭐⭐⭐⭐,⭐⭐⭐⭐,⭐⭐⭐⭐,⭐⭐⭐⭐,⭐⭐⭐⭐,⭐⭐⭐⭐,⭐⭐⭐⭐,⭐⭐⭐⭐,⭐⭐⭐⭐,⭐⭐⭐⭐⭐,⭐⭐⭐⭐⭐,⭐⭐⭐⭐,⭐⭐⭐⭐,⭐⭐⭐⭐,⭐⭐⭐⭐,⭐⭐⭐⭐,⭐⭐⭐⭐⭐,⭐⭐⭐⭐,⭐⭐⭐⭐,⭐⭐⭐⭐,⭐⭐⭐⭐,⭐⭐⭐⭐⭐,⭐⭐⭐⭐,⭐⭐⭐⭐,⭐⭐⭐⭐,⭐⭐⭐⭐⭐,⭐⭐⭐⭐,⭐⭐⭐⭐⭐,⭐⭐⭐⭐⭐,⭐⭐⭐⭐⭐,⭐⭐⭐⭐⭐,⭐⭐⭐⭐⭐,⭐⭐⭐⭐⭐,⭐⭐⭐⭐,⭐⭐⭐⭐,2026-03-31T03:35:29+00:00,2026-03-31T03:35:29+00:00
cb5d5504-28ae-496c-9304-fc29474b05ba,,2025,2025-10-10,Respondido,Operações CubosTec,1 - 12 meses,,⭐⭐⭐⭐⭐,⭐⭐⭐⭐,⭐⭐⭐⭐⭐,⭐⭐⭐⭐⭐,⭐⭐⭐⭐⭐,⭐⭐⭐⭐⭐,⭐⭐⭐⭐⭐,⭐⭐⭐⭐⭐,⭐⭐⭐⭐⭐,⭐⭐⭐⭐⭐,⭐⭐⭐⭐⭐,⭐⭐⭐⭐⭐,⭐⭐⭐⭐⭐,⭐⭐⭐⭐⭐,⭐⭐⭐⭐⭐,⭐⭐⭐⭐⭐,⭐⭐⭐⭐⭐,⭐⭐⭐⭐⭐,⭐⭐⭐⭐⭐,⭐⭐⭐⭐⭐,⭐⭐⭐⭐⭐,⭐⭐⭐⭐⭐,⭐⭐⭐,⭐⭐⭐⭐⭐,⭐⭐⭐⭐⭐,⭐⭐⭐⭐⭐,⭐⭐⭐⭐⭐,⭐⭐⭐⭐⭐,⭐⭐⭐⭐⭐,⭐⭐⭐⭐⭐,⭐⭐⭐⭐⭐,⭐⭐⭐⭐⭐,⭐⭐⭐⭐⭐,⭐⭐⭐⭐⭐,⭐⭐⭐⭐⭐,⭐⭐⭐⭐⭐,⭐⭐⭐⭐⭐,⭐⭐⭐⭐⭐,⭐⭐⭐⭐⭐,⭐⭐⭐⭐⭐,⭐⭐⭐⭐⭐,⭐⭐⭐⭐⭐,⭐⭐⭐⭐⭐,2026-03-31T03:35:29+00:00,2026-03-31T03:35:29+00:00
